SchemeCode,ISIN_Growth,ISIN_Reinvestment,SchemeName,NAV,Date
122639,INF879O01027,-,Parag Parikh Flexi Cap Fund,88.8355,30-09-2026
118632,INF204K01XI3,-,Nippon India Large Cap Fund,95.6162,30-09-2026
127042,INF247L01445,-,Motilal Oswal Midcap Fund,114.3619,30-09-2026
147946,INF194KB1AL4,-,BANDHAN Small Cap Fund,56.676,30-09-2026
120828,INF966L01689,-,Quant Small Cap Fund,315.9205,30-09-2026
125497,INF200K01T51,-,SBI SMALL CAP FUND,208.5182,30-09-2026
112090,INF174K01336,-,Kotak Flexi Cap Fund,81.304,30-09-2026
151034,INF917K01254,-,HSBC Midcap Fund,451.8827,30-09-2026
119775,INF174K01LT0,-,Kotak Mid Cap Fund,160.989,30-09-2026
125354,INF846K01K35,-,Axis Small Cap Fund,133.91,30-09-2026
148928,INF769K01HH0,-,Mirae Asset NYSE FANG + ETF Fund of Fund,51.123,30-09-2026
143903,INF109KC1FX1,-,ICICI Prudential BHARAT 22 FOF,32.1234,30-09-2026
150902,INF754K01QD2,-,Edelweiss Nifty Midcap150 Momentum 50 Index Fund,17.9554,30-09-2026
148490,INF200KA1R07,-,SBI Children's Fund - Investment Plan,53.365,29-09-2026
